"FirstName","LastName","EmailAddress","DOB","Age","Age on Event Start Date","Gender","Address1","Address2","Town","Country","PostCode","ContactNumber","BookingId","BookingDate","TicketName","BookingState","LicenceName","StartDate","EndDate","LicenseState","ClubPlusLicenceName","ClubPlusLicenceState","Mid","MemberState","PaymentId","PaymentDate","PaymentMethod","Description","GrossAmount","RefundAmount","PaymentUser","PaymentUserEmail","PaymentState","Organisation","Sub-Regions","Regions","Emergency Contact - NGB:Name of emergency contact","Emergency Contact - NGB:Relationship of emergency contact","Emergency Contact - NGB:Contact number of emergency contact","V2 Paddle Australia Event Waiver - NGB:Please choose one of the option:","V2 Paddle Australia Event Waiver - NGB:I agree to the above statement","V2 Paddle Australia Event Waiver - NGB:2 I agree to the above statement","SIA - Compliance Check - National Events - NGB:I am entered in a National Level Event and I have ","2026 Canoe Slalom Age Nats - Rescheduled - NGB:Paddlers Name:","2026 Canoe Slalom Age Nats - Rescheduled - NGB:Paddler's Date of Birth:","2026 Canoe Slalom Age Nats - Rescheduled - NGB:Events Entered","2026 Canoe Slalom Age Nats - Rescheduled - NGB:Paddler's Club they are representing (if applicabl","2026 Canoe Slalom Age Nats - Rescheduled - NGB:Paddler's School they are representing (if applica"
"Amelia","Hartwell","amelia.hartwell92@example.com","14/03/1992","34","34","Female","12 Rivergum Drive",,"Parramatta","Australia","2150","414","BC1","18/03/2026","Event Entry","Booked","Paddle Australia Junior Membership","30/09/2025","29/09/2026","Active",,,"PA1","Registered","PR1","18/03/2026","Card","Event (x1)","75.0000",,"Amelia Hartwell","amelia.hartwell92@example.com","Paid","Western Sydney Whitewater Club (CL000350)",,"New South Wales (CL000152)","Jonn Hartwell","Father ","414","I am the parent or guardian of the applicant","No","Yes","Yes","Amelia Hartwell","14/03/1992","Women's K1|Women's C1","Penrith whitewater club","Blaxland high school"
"Sophie","Calder","sophie.calder77@example.com","02/11/1977","48","48","Female","45 Oceanview Crescent",,"Wollongong","Australia","2500","415","BC2","18/03/2026","Event Entry","Booked","Paddle Australia Direct Senior Membership","03/02/2026","02/02/2027","Active",,,"PA2","Registered","PR2","18/03/2026","Card","Event (x1)","75.0000",,"Sophie Calder","sophie.calder77@example.com","Paid",,,"New South Wales (CL000152)","Chris Calder","Father","415","I am registering myself to this event","Yes","No","Yes","Sophie Calder","02/11/1977","Women's C1",,
"Ethan","Rowe","ethan.rowe46@example.com","03/04/1986","40","40","Male","78 Banksia Street",,"Newcastle","Australia","2300","416","BC3","18/03/2026","Event Entry - Previous Eildon Entrant","Booked","Paddle Australia Junior Membership","17/12/2025","16/12/2026","Active",,,"PA3","Registered","PR3","18/03/2026","Zero Value Payment","Event (x1)","0.0000",,"Ethan Rowe","ethan.rowe46@example.com","Paid","Western Sydney Whitewater Club (CL000350)",,"New South Wales (CL000152)","James Rowe","Father","416","I am the parent or guardian of the applicant","No","Yes","Yes","Ethan Rowe","03/04/1986","Men's K1|Men's C1","WSWC","Blaxland High School"
"Oliver","Finch","oliver.finch11@example.com","27/02/2011","15","15","Male","9 Jacaranda Close",,"Penrith","Australia","2750","417","BC4","18/03/2026","Event Entry - Previous Eildon Entrant","Booked","Paddle Australia Junior Membership","28/02/2026","27/02/2027","Active",,,"PA4","Registered","PR4","18/03/2026","Zero Value Payment","Event (x1)","0.0000",,"Oliver Finch","oliver.finch11@example.com","Paid","Western Sydney Whitewater Club (CL000350)",,"New South Wales (CL000152)","Peter Finch","Father","417","I am the parent or guardian of the applicant","No","Yes","Yes","Oliver Finch","27/02/2011","Men's K1|Men's C1","Wswc","St Gregory's College"
"Chloe","Bennett","chloe.bennett05@example.com","19/01/2005","21","21","Female","102 Harbour Road",,"Sydney","Australia","2000","418","BC5","18/03/2026","Event Entry - Previous Eildon Entrant","Booked","Paddle Australia Junior Membership","23/10/2025","22/10/2026","Active",,,"PA5","Registered","PR5","18/03/2026","Zero Value Payment","Event (x1)","0.0000",,"Chloe Bennett","chloe.bennett05@example.com","Paid","Western Sydney Whitewater Club (CL000350)",,"New South Wales (CL000152)","Else Bennett","Parent","418","I am the parent or guardian of the applicant","No","Yes","Yes","Chloe Bennett","19/01/2005","Women's K1|Women's C1","Western Sydney Whitewater ","Colo High School "
"Zara","Whitmore","zara.whitmore29@example.com","17/06/1999","26","26","Female","33 Wattle Avenue",,"Blacktown","Australia","2148","419","BC6","19/03/2026","Event Entry - Previous Eildon Entrant","Booked","Paddle Australia Junior Membership","11/04/2026","10/04/2027","Active",,,"PA6","Registered","PR6","18/03/2026","Zero Value Payment","Event (x1)","0.0000",,"Zara Whitmore","zara.whitmore29@example.com","Paid","Melbourne Canoe Club (CL000270)",,"Victoria (CL000156)","Ted Whitmore","spouse","419","I am the parent or guardian of the applicant","No","Yes","Yes","Zara Whitmore","17/06/1999","Women's K1","MCC","Ivanhoe Grammar"
"Lucas","Mercer","lucas.mercer22@example.com","21/08/2002","23","23","Male","56 Coral Way",,"Coffs Harbour","Australia","2450","420","BC7","19/03/2026","Event Entry - Previous Eildon Entrant","Booked","Paddle Australia Junior Membership","20/10/2025","19/10/2026","Active",,,"PA7","Registered","PR7","18/03/2026","Zero Value Payment","Event (x1)","0.0000",,"Lucas Mercer","lucas.mercer22@example.com","Paid","Western Sydney Whitewater Club (CL000350)",,"New South Wales (CL000152)","Lucy Mercer","child","420","I am the parent or guardian of the applicant","No","Yes","Yes","Lucas Mercer","21/08/2002","Men's K1|Men's C1","WSWC","Blaxland High School "
"Mia","Holloway","mia.holloway14@example.com","30/05/2014","11","11","Female","17 Mountain Ash Lane",,"Katoomba","Australia","2780","421","BC8","19/03/2026","Event Entry - Previous Eildon Entrant","Booked","Paddle Australia Senior Membership","20/11/2025","19/11/2026","Active",,,"PA8","Registered","PR8","18/03/2026","Zero Value Payment","Event (x3)","0.0000",,"Mia Holloway","mia.holloway14@example.com","Paid","Derwent Canoe Club (CL000229)",,"Tasmania (CL000154)","Penny Holloway","son","421","I am registering myself to this event","Yes","No","Yes","Mia Holloway","30/05/2014","Women's K1","DCC",
"Jack","Thornton","jack.thornton58@example.com","05/07/1958","67","67","Male","88 Sunrise Boulevard",,"Gosford","Australia","2250","422","BC9","19/03/2026","Event Entry - Previous Eildon Entrant","Booked","Paddle Australia Junior Membership","20/11/2025","19/11/2026","Active",,,"PA9","Registered","PR9","18/03/2026","Zero Value Payment","Event (x3)","0.0000",,"Jack Thornton","jack.thornton58@example.com","Paid","Derwent Canoe Club (CL000229)",,"Tasmania (CL000154)","John Thornton","Father ","422","I am the parent or guardian of the applicant","No","Yes","Yes","Jack Thornton","05/07/1958","Men's K1|Men's C1","DCC",
"Henry","Calloway","henry.calloway37@example.com","29/09/1973","52","52","Male","21 Eucalyptus Drive",,"Dubbo","Australia","2830","423","BC10","19/03/2026","Event Entry - Previous Eildon Entrant","Booked","Paddle Australia Junior Membership","20/11/2025","19/11/2026","Active",,,"PA10","Registered","PR10","18/03/2026","Zero Value Payment","Event (x3)","0.0000",,"Henry Calloway","henry.calloway37@example.com","Paid","Derwent Canoe Club (CL000229),Tasmanian Sea Canoeing Club Inc. (CL000312)",,"Tasmania (CL000154)","Riley Calloway","Mother ","423","I am the parent or guardian of the applicant","No","Yes","Yes","Henry Calloway","29/09/1973","Men's K1|Men's C1","DCC",
"Lily","Carrington","lily.carrington63@example.com","12/12/1963","62","62","Female","64 Sandstone Place",,"Orange","Australia","2800","424","BC11","19/03/2026","Event Entry - Previous Eildon Entrant","Booked","Paddle Australia Junior Membership","09/09/2025","08/09/2026","Active",,,"PA11","Registered","PR11","18/03/2026","Card","Event (x2)","0.0000",,"Lily Carrington","lily.carrington63@example.com","Paid","Melbourne Canoe Club (CL000270)",,"Victoria (CL000156)","Dave Carrington","Parent","424","I am the parent or guardian of the applicant","No","Yes","Yes","Lily Carrington","12/12/1963","Women's K1|Women's C1","Melbourne Canoe Club ","Ivanhoe Grammar School"
"Ben","Calloway","ben.calloway91@example.com","29/09/1973","52","52","Male","5 Seabreeze Court",,"Byron Bay","Australia","2481","425","BC12","19/03/2026","Event Entry - Previous Eildon Entrant","Booked","Paddle Australia Junior Membership","17/10/2025","16/10/2026","Active",,,"PA12","Registered","PR12","18/03/2026","Zero Value Payment","Event (x1)","0.0000",,"Ben Calloway","ben.calloway91@example.com","Paid","Western Sydney Whitewater Club (CL000350)",,"New South Wales (CL000152)","Riley Calloway","Mother","425","I am the parent or guardian of the applicant","No","Yes","Yes","Ben Calloway","29/09/1973","Men's K1|Men's C1","Western Sydney Whitewater","Corpus Christi Primary School"
"Noah","Blackwood","noah.blackwood90@example.com","10/10/1990","35","35","Male","39 Ironbark Road",,"Tamworth","Australia","2340","426","BC13","19/03/2026","Event Entry","Booked","Paddle Australia Junior Membership","06/02/2026","05/02/2027","Active",,,"PA13","Registered","PR13","19/03/2026","Card","Event (x2)","75.0000",,"Noah Blackwood","noah.blackwood90@example.com","Paid","Fairfield Canoe Club (CL000234),INCC Yarra Paddlers (CL000252),Melbourne Canoe Club (CL000270),Patterson Lakes Canoe Club (CL000286)",,"Victoria (CL000156)","Ben Blackwood","Son","426","I am the parent or guardian of the applicant","No","Yes","Yes","Noah Blackwood","10/10/1990","Men's K1|Men's C1","Melbourne Canoe Club","Ivanhoe Grammar School"
"Ava","Sinclair","ava.sinclair88@example.com","08/09/1988","37","37","Female","72 Silverleaf Street",,"Albury","Australia","2640","427","BC14","19/03/2026","Event Entry","Booked","Paddle Australia Junior Membership","21/04/2025","20/04/2026","Active",,,"PA14","Registered","PR14","19/03/2026","Card","Event (x2)","75.0000",,"Ava Sinclair","ava.sinclair88@example.com","Paid","Melbourne Canoe Club (CL000270)",,"Victoria (CL000156)","Simon Sinclair","spouse","427","I am the parent or guardian of the applicant","No","Yes","Yes","Ava Sinclair","08/09/1988","Women's K1","Melbourne Canoe Club","Ivanhoe Grammar School"
